test_name,comparison,status,statistic,p_value,effect,details_json
chi_square_sentiment_category,english_vs_japanese,ok,38.56916459269966,4.215143098065763e-09,0.13838543491342067,"{""dof"": 2, ""observed"": {""negative"": {""english"": 11, ""japanese"": 132}, ""neutral"": {""english"": 8, ""japanese"": 365}, ""positive"": {""english"": 195, ""japanese"": 1303}}, ""expected"": [[15.194638, 39.633565, 159.171797], [127.805362, 333.366435, 1338.828203]]}"
mann_whitney_u_sentiment_score,english_vs_japanese,ok,260916.0,1.165004782030051e-17,,"{""left"": ""english"", ""right"": ""japanese""}"
bootstrap_mean_difference_sentiment_score,english_vs_japanese,ok,0.2930787223736307,,0.2930787223736307,"{""left"": ""english"", ""right"": ""japanese"", ""ci_95_lower"": 0.24180754249367667, ""ci_95_upper"": 0.3445341863861682, ""iterations"": 2000, ""seed"": 20260618}"
bootstrap_median_difference_sentiment_score,english_vs_japanese,ok,0.4417,,0.4417,"{""left"": ""english"", ""right"": ""japanese"", ""ci_95_lower"": 0.38308620547555894, ""ci_95_upper"": 0.5064666666666666, ""iterations"": 2000, ""seed"": 20260618}"
poi_level_mann_whitney_mean_sentiment_score,english_vs_japanese,ok,596.0,1.2189220121480872e-05,,"{""left"": ""english"", ""right"": ""japanese"", ""left_n_poi"": 25, ""right_n_poi"": 28, ""unit"": ""one POI-language mean""}"
poi_level_bootstrap_mean_difference_sentiment_score,english_vs_japanese,ok,0.2553801145175757,,0.2553801145175757,"{""left"": ""english"", ""right"": ""japanese"", ""ci_95_lower"": 0.14872099581943582, ""ci_95_upper"": 0.348635752064354, ""left_n_poi"": 25, ""right_n_poi"": 28, ""iterations"": 2000, ""seed"": 20260618, ""unit"": ""one POI-language mean""}"
cluster_bootstrap_poi_mean_difference_sentiment_score,english_vs_japanese,ok,0.2930787223736309,,0.2930787223736309,"{""left"": ""english"", ""right"": ""japanese"", ""ci_95_lower"": 0.20047612250556107, ""ci_95_upper"": 0.36813880571002794, ""left_n_poi"": 25, ""right_n_poi"": 28, ""iterations"": 2000, ""seed"": 20260618, ""unit"": ""POI cluster resampling with review rows retained inside sampled clusters""}"
rating_validation_spearman_score,all_groups,ok,0.22408364877543221,2.4402336397180926e-24,0.22408364877543221,"{""n"": 2014}"
